{
    "count":{
        "N":2200.0,
        "P":2200.0,
        "K":2200.0,
        "temperature":2200.0,
        "humidity":2200.0,
        "ph":2200.0,
        "rainfall":2200.0
    },
    "mean":{
        "N":50.5518181818,
        "P":53.3627272727,
        "K":48.1490909091,
        "temperature":25.6162438518,
        "humidity":71.4817792178,
        "ph":6.4694800653,
        "rainfall":103.4636554158
    },
    "std":{
        "N":36.9173338338,
        "P":32.9858827386,
        "K":50.6479305467,
        "temperature":5.0637486,
        "humidity":22.2638115898,
        "ph":0.773937688,
        "rainfall":54.9583885249
    },
    "min":{
        "N":0.0,
        "P":5.0,
        "K":5.0,
        "temperature":8.825674745,
        "humidity":14.25803981,
        "ph":3.504752314,
        "rainfall":20.21126747
    },
    "25%":{
        "N":21.0,
        "P":28.0,
        "K":20.0,
        "temperature":22.7693746325,
        "humidity":60.2619528025,
        "ph":5.9716927993,
        "rainfall":64.551686
    },
    "50%":{
        "N":37.0,
        "P":51.0,
        "K":32.0,
        "temperature":25.5986932,
        "humidity":80.473145665,
        "ph":6.42504527,
        "rainfall":94.86762427
    },
    "75%":{
        "N":84.25,
        "P":68.0,
        "K":49.0,
        "temperature":28.5616539325,
        "humidity":89.948770755,
        "ph":6.9236426213,
        "rainfall":124.2675078
    },
    "max":{
        "N":140.0,
        "P":145.0,
        "K":205.0,
        "temperature":43.67549305,
        "humidity":99.98187601,
        "ph":9.93509073,
        "rainfall":298.5601175
    }
}