Model,Train Accuracy,Test Accuracy,Precision,Recall,F1 Score,CV Mean,CV Std,Training Time (s),Prediction Time (s)
RandomForestClassifier,1.0,0.9931818181818182,0.9935064935064934,0.9931818181818182,0.9931775541531639,0.9960227272727271,0.0034090909090909245,1.1712133884429932,0.025488615036010742
