,N,P,K,temperature,humidity,ph,rainfall
count,2200.0,2200.0,2200.0,2200.0,2200.0,2200.0,2200.0
mean,50.551818181818184,53.36272727272727,48.14909090909091,25.616243851779544,71.48177921778637,6.469480065256364,103.46365541576817
std,36.91733383375668,32.985882738587144,50.64793054666006,5.063748599958843,22.263811589761115,0.7739376880298721,54.95838852487811
min,0.0,5.0,5.0,8.825674745,14.25803981,3.504752314,20.21126747
25%,21.0,28.0,20.0,22.7693746325,60.2619528025,5.97169279925,64.55168599999999
50%,37.0,51.0,32.0,25.5986932,80.473145665,6.42504527,94.86762427
75%,84.25,68.0,49.0,28.5616539325,89.948770755,6.923642621250002,124.2675078
max,140.0,145.0,205.0,43.67549305,99.98187601,9.93509073,298.5601175
