Feature,MutualInformation,ANOVA_FScore,PValue
humidity,1.7299543618225401,3103.7088912174863,0.0
K,1.6392481140350093,27238.362067079233,0.0
rainfall,1.6373577280729434,605.5279661441336,0.0
P,1.3040263794529925,1885.6578591842544,0.0
temperature,1.017901298488423,102.18698122995508,4.019323818149436e-305
N,1.0003921009167445,897.5681863257156,0.0
ph,0.6860670255212225,60.34403352941259,6.4931618988884815e-199
