Component,ExplainedVariance
PC1,0.27588831430207356
PC2,0.18484431095364595
