,N,P,K,temperature,humidity,ph,rainfall
N,1.0,-0.1626252049499477,0.20824756364737848,0.022390228805421724,0.06111299588319678,0.14187904048394978,0.011411146247036838
P,-0.1626252049499477,1.0,0.19516118022968973,-0.13761817739354631,-0.3092463082157634,-0.1190627060239495,-0.032456774096165084
K,0.20824756364737848,0.19516118022968973,1.0,-0.08108236478997402,0.27949298068243644,-0.15535145853150503,0.06990320344875078
temperature,0.022390228805421724,-0.13761817739354631,-0.08108236478997402,1.0,0.1241716710347179,0.027754166515699317,-0.15202783193662944
humidity,0.06111299588319678,-0.3092463082157634,0.27949298068243644,0.1241716710347179,1.0,-0.007281362135518097,0.10073109631934747
ph,0.14187904048394978,-0.1190627060239495,-0.15535145853150503,0.027754166515699317,-0.007281362135518097,1.0,-0.15128026829607347
rainfall,0.011411146247036838,-0.032456774096165084,0.06990320344875078,-0.15202783193662944,0.10073109631934747,-0.15128026829607347,1.0
